ratiocoverage,guard_number,map_type,map_size,map_density
0.0356,1,maze,10000,0
0.0856,2,maze,10000,0
0.1711,3,maze,10000,0
0.2506,4,maze,10000,0
0.3793,5,maze,10000,0
0.508,6,maze,10000,0
0.6008,7,maze,10000,0
0.7307,8,maze,10000,0
0.7754,9,maze,10000,0
0.8696,10,maze,10000,0
0.0356,1,maze,10000,0
0.0978,2,maze,10000,0
0.1996,3,maze,10000,0
0.3088,4,maze,10000,0
0.3909,5,maze,10000,0
0.4961,6,maze,10000,0
0.6148,7,maze,10000,0
0.7136,8,maze,10000,0
0.7974,9,maze,10000,0
0.8376,10,maze,10000,0
0.0298,1,maze,10000,0
0.0865,2,maze,10000,0
0.1872,3,maze,10000,0
0.2541,4,maze,10000,0
0.3673,5,maze,10000,0
0.4753,6,maze,10000,0
0.6112,7,maze,10000,0
0.7236,8,maze,10000,0
0.7818,9,maze,10000,0
0.8405,10,maze,10000,0
0.0356,1,maze,10000,0
0.0957,2,maze,10000,0
0.1902,3,maze,10000,0
0.2929,4,maze,10000,0
0.3745,5,maze,10000,0
0.4972,6,maze,10000,0
0.6149,7,maze,10000,0
0.6691,8,maze,10000,0
0.7669,9,maze,10000,0
0.8048,10,maze,10000,0
0.0226,1,maze,10000,0
0.0858,2,maze,10000,0
0.192,3,maze,10000,0
0.2684,4,maze,10000,0
0.4099,5,maze,10000,0
0.4686,6,maze,10000,0
0.5819,7,maze,10000,0
0.6567,8,maze,10000,0
0.7733,9,maze,10000,0
0.8284,10,maze,10000,0
0.0268,1,maze,10000,0
0.0978,2,maze,10000,0
0.2046,3,maze,10000,0
0.3122,4,maze,10000,0
0.4401,5,maze,10000,0
0.51,6,maze,10000,0
0.5728,7,maze,10000,0
0.6944,8,maze,10000,0
0.7761,9,maze,10000,0
0.8538,10,maze,10000,0
0.0155,1,maze,10000,0
0.0867,2,maze,10000,0
0.1632,3,maze,10000,0
0.28,4,maze,10000,0
0.41,5,maze,10000,0
0.535,6,maze,10000,0
0.6057,7,maze,10000,0
0.6876,8,maze,10000,0
0.7677,9,maze,10000,0
0.886,10,maze,10000,0
0.0268,1,maze,10000,0
0.095,2,maze,10000,0
0.2011,3,maze,10000,0
0.2836,4,maze,10000,0
0.3834,5,maze,10000,0
0.4823,6,maze,10000,0
0.5608,7,maze,10000,0
0.6688,8,maze,10000,0
0.7432,9,maze,10000,0
0.811,10,maze,10000,0
0.0356,1,maze,10000,0
0.0935,2,maze,10000,0
0.1751,3,maze,10000,0
0.2617,4,maze,10000,0
0.3668,5,maze,10000,0
0.5229,6,maze,10000,0
0.6473,7,maze,10000,0
0.7383,8,maze,10000,0
0.8429,9,maze,10000,0
0.8738,10,maze,10000,0
0.0356,1,maze,10000,0
0.098,2,maze,10000,0
0.1862,3,maze,10000,0
0.2705,4,maze,10000,0
0.368,5,maze,10000,0
0.4691,6,maze,10000,0
0.6098,7,maze,10000,0
0.7081,8,maze,10000,0
0.8126,9,maze,10000,0
0.8834,10,maze,10000,0
0.0343,1,maze,10000,0
0.1047,2,maze,10000,0
0.1683,3,maze,10000,0
0.2511,4,maze,10000,0
0.3567,5,maze,10000,0
0.4901,6,maze,10000,0
0.5721,7,maze,10000,0
0.7347,8,maze,10000,0
0.7798,9,maze,10000,0
0.8346,10,maze,10000,0
0.0356,1,maze,10000,0
0.0935,2,maze,10000,0
0.1706,3,maze,10000,0
0.2851,4,maze,10000,0
0.399,5,maze,10000,0
0.5542,6,maze,10000,0
0.6475,7,maze,10000,0
0.7364,8,maze,10000,0
0.8262,9,maze,10000,0
0.8575,10,maze,10000,0
0.029,1,maze,10000,0
0.088,2,maze,10000,0
0.1932,3,maze,10000,0
0.2982,4,maze,10000,0
0.4309,5,maze,10000,0
0.5472,6,maze,10000,0
0.663,7,maze,10000,0
0.7481,8,maze,10000,0
0.8003,9,maze,10000,0
0.8327,10,maze,10000,0
0.0356,1,maze,10000,0
0.1055,2,maze,10000,0
0.1901,3,maze,10000,0
0.2941,4,maze,10000,0
0.3868,5,maze,10000,0
0.5322,6,maze,10000,0
0.6271,7,maze,10000,0
0.6902,8,maze,10000,0
0.7685,9,maze,10000,0
0.8061,10,maze,10000,0
0.0226,1,maze,10000,0
0.0893,2,maze,10000,0
0.1562,3,maze,10000,0
0.2482,4,maze,10000,0
0.3302,5,maze,10000,0
0.4519,6,maze,10000,0
0.5454,7,maze,10000,0
0.6955,8,maze,10000,0
0.743,9,maze,10000,0
0.7978,10,maze,10000,0
0.0356,1,maze,10000,0
0.0831,2,maze,10000,0
0.1833,3,maze,10000,0
0.3041,4,maze,10000,0
0.4173,5,maze,10000,0
0.5164,6,maze,10000,0
0.5944,7,maze,10000,0
0.6737,8,maze,10000,0
0.7135,9,maze,10000,0
0.7676,10,maze,10000,0
0.029,1,maze,10000,0
0.0855,2,maze,10000,0
0.1673,3,maze,10000,0
0.2411,4,maze,10000,0
0.3635,5,maze,10000,0
0.5124,6,maze,10000,0
0.6402,7,maze,10000,0
0.706,8,maze,10000,0
0.7834,9,maze,10000,0
0.8438,10,maze,10000,0
0.0356,1,maze,10000,0
0.1068,2,maze,10000,0
0.1947,3,maze,10000,0
0.2984,4,maze,10000,0
0.3501,5,maze,10000,0
0.4688,6,maze,10000,0
0.5732,7,maze,10000,0
0.6232,8,maze,10000,0
0.7333,9,maze,10000,0
0.8071,10,maze,10000,0
0.0225,1,maze,10000,0
0.0864,2,maze,10000,0
0.1802,3,maze,10000,0
0.2891,4,maze,10000,0
0.3738,5,maze,10000,0
0.5154,6,maze,10000,0
0.5977,7,maze,10000,0
0.6728,8,maze,10000,0
0.7418,9,maze,10000,0
0.7938,10,maze,10000,0
0.0356,1,maze,10000,0
0.0922,2,maze,10000,0
0.1574,3,maze,10000,0
0.2872,4,maze,10000,0
0.3725,5,maze,10000,0
0.4234,6,maze,10000,0
0.5304,7,maze,10000,0
0.6349,8,maze,10000,0
0.7326,9,maze,10000,0
0.8497,10,maze,10000,0
0.0356,1,maze,10000,0
0.0967,2,maze,10000,0
0.1786,3,maze,10000,0
0.2744,4,maze,10000,0
0.4161,5,maze,10000,0
0.5538,6,maze,10000,0
0.6062,7,maze,10000,0
0.7367,8,maze,10000,0
0.8237,9,maze,10000,0
0.8566,10,maze,10000,0
0.0356,1,maze,10000,0
0.1068,2,maze,10000,0
0.2052,3,maze,10000,0
0.3162,4,maze,10000,0
0.4196,5,maze,10000,0
0.4719,6,maze,10000,0
0.5651,7,maze,10000,0
0.6346,8,maze,10000,0
0.7054,9,maze,10000,0
0.811,10,maze,10000,0
0.0356,1,maze,10000,0
0.0962,2,maze,10000,0
0.1694,3,maze,10000,0
0.2731,4,maze,10000,0
0.3657,5,maze,10000,0
0.4695,6,maze,10000,0
0.5841,7,maze,10000,0
0.6663,8,maze,10000,0
0.751,9,maze,10000,0
0.8419,10,maze,10000,0
0.0356,1,maze,10000,0
0.0869,2,maze,10000,0
0.1937,3,maze,10000,0
0.3245,4,maze,10000,0
0.4146,5,maze,10000,0
0.5225,6,maze,10000,0
0.6049,7,maze,10000,0
0.6893,8,maze,10000,0
0.7698,9,maze,10000,0
0.8188,10,maze,10000,0
0.0356,1,maze,10000,0
0.1053,2,maze,10000,0
0.1913,3,maze,10000,0
0.2742,4,maze,10000,0
0.3785,5,maze,10000,0
0.5113,6,maze,10000,0
0.6099,7,maze,10000,0
0.6918,8,maze,10000,0
0.7513,9,maze,10000,0
0.8155,10,maze,10000,0
0.0356,1,maze,10000,0
0.095,2,maze,10000,0
0.1664,3,maze,10000,0
0.2389,4,maze,10000,0
0.3684,5,maze,10000,0
0.4394,6,maze,10000,0
0.5671,7,maze,10000,0
0.6293,8,maze,10000,0
0.7609,9,maze,10000,0
0.8115,10,maze,10000,0
0.0223,1,maze,10000,0
0.0808,2,maze,10000,0
0.1612,3,maze,10000,0
0.261,4,maze,10000,0
0.3869,5,maze,10000,0
0.5201,6,maze,10000,0
0.5906,7,maze,10000,0
0.6513,8,maze,10000,0
0.7439,9,maze,10000,0
0.8106,10,maze,10000,0
0.0268,1,maze,10000,0
0.0965,2,maze,10000,0
0.2026,3,maze,10000,0
0.308,4,maze,10000,0
0.3755,5,maze,10000,0
0.5148,6,maze,10000,0
0.6084,7,maze,10000,0
0.6858,8,maze,10000,0
0.795,9,maze,10000,0
0.8568,10,maze,10000,0
0.0356,1,maze,10000,0
0.0936,2,maze,10000,0
0.1638,3,maze,10000,0
0.2797,4,maze,10000,0
0.3647,5,maze,10000,0
0.4544,6,maze,10000,0
0.5645,7,maze,10000,0
0.6919,8,maze,10000,0
0.7925,9,maze,10000,0
0.8692,10,maze,10000,0
0.0356,1,maze,10000,0
0.087,2,maze,10000,0
0.1742,3,maze,10000,0
0.3033,4,maze,10000,0
0.4185,5,maze,10000,0
0.4929,6,maze,10000,0
0.6177,7,maze,10000,0
0.6977,8,maze,10000,0
0.7591,9,maze,10000,0
0.8204,10,maze,10000,0
0.0356,1,maze,10000,0
0.1068,2,maze,10000,0
0.2008,3,maze,10000,0
0.3,4,maze,10000,0
0.4128,5,maze,10000,0
0.5393,6,maze,10000,0
0.6223,7,maze,10000,0
0.6908,8,maze,10000,0
0.7604,9,maze,10000,0
0.8322,10,maze,10000,0
0.0215,1,maze,10000,0
0.0899,2,maze,10000,0
0.1702,3,maze,10000,0
0.2992,4,maze,10000,0
0.4039,5,maze,10000,0
0.4796,6,maze,10000,0
0.6109,7,maze,10000,0
0.7303,8,maze,10000,0
0.8158,9,maze,10000,0
0.8471,10,maze,10000,0
0.0356,1,maze,10000,0
0.0933,2,maze,10000,0
0.1652,3,maze,10000,0
0.2615,4,maze,10000,0
0.3894,5,maze,10000,0
0.522,6,maze,10000,0
0.5951,7,maze,10000,0
0.7061,8,maze,10000,0
0.8155,9,maze,10000,0
0.8834,10,maze,10000,0
0.0356,1,maze,10000,0
0.1023,2,maze,10000,0
0.1775,3,maze,10000,0
0.2806,4,maze,10000,0
0.3898,5,maze,10000,0
0.5497,6,maze,10000,0
0.6742,7,maze,10000,0
0.7267,8,maze,10000,0
0.805,9,maze,10000,0
0.8426,10,maze,10000,0
0.0223,1,maze,10000,0
0.071,2,maze,10000,0
0.1671,3,maze,10000,0
0.257,4,maze,10000,0
0.3532,5,maze,10000,0
0.4599,6,maze,10000,0
0.5842,7,maze,10000,0
0.698,8,maze,10000,0
0.7454,9,maze,10000,0
0.8126,10,maze,10000,0
0.0268,1,maze,10000,0
0.0847,2,maze,10000,0
0.1739,3,maze,10000,0
0.2598,4,maze,10000,0
0.3786,5,maze,10000,0
0.4921,6,maze,10000,0
0.6034,7,maze,10000,0
0.7015,8,maze,10000,0
0.7572,9,maze,10000,0
0.8462,10,maze,10000,0
0.0356,1,maze,10000,0
0.104,2,maze,10000,0
0.1901,3,maze,10000,0
0.3004,4,maze,10000,0
0.3993,5,maze,10000,0
0.5171,6,maze,10000,0
0.6155,7,maze,10000,0
0.7063,8,maze,10000,0
0.7746,9,maze,10000,0
0.8562,10,maze,10000,0
0.0226,1,maze,10000,0
0.0689,2,maze,10000,0
0.1565,3,maze,10000,0
0.2605,4,maze,10000,0
0.3692,5,maze,10000,0
0.4741,6,maze,10000,0
0.6232,7,maze,10000,0
0.6955,8,maze,10000,0
0.8079,9,maze,10000,0
0.8488,10,maze,10000,0
0.0356,1,maze,10000,0
0.0989,2,maze,10000,0
0.196,3,maze,10000,0
0.2984,4,maze,10000,0
0.3796,5,maze,10000,0
0.4902,6,maze,10000,0
0.5757,7,maze,10000,0
0.6861,8,maze,10000,0
0.7393,9,maze,10000,0
0.8,10,maze,10000,0
0.0356,1,maze,10000,0
0.0907,2,maze,10000,0
0.1789,3,maze,10000,0
0.2728,4,maze,10000,0
0.4033,5,maze,10000,0
0.51,6,maze,10000,0
0.642,7,maze,10000,0
0.7413,8,maze,10000,0
0.8144,9,maze,10000,0
0.8501,10,maze,10000,0
0.0343,1,maze,10000,0
0.0819,2,maze,10000,0
0.168,3,maze,10000,0
0.2967,4,maze,10000,0
0.3923,5,maze,10000,0
0.5043,6,maze,10000,0
0.5938,7,maze,10000,0
0.728,8,maze,10000,0
0.7854,9,maze,10000,0
0.826,10,maze,10000,0
0.0356,1,maze,10000,0
0.0907,2,maze,10000,0
0.1713,3,maze,10000,0
0.2961,4,maze,10000,0
0.4376,5,maze,10000,0
0.5491,6,maze,10000,0
0.6539,7,maze,10000,0
0.74,8,maze,10000,0
0.8084,9,maze,10000,0
0.8682,10,maze,10000,0
0.0356,1,maze,10000,0
0.0913,2,maze,10000,0
0.1723,3,maze,10000,0
0.2535,4,maze,10000,0
0.357,5,maze,10000,0
0.4409,6,maze,10000,0
0.5304,7,maze,10000,0
0.6372,8,maze,10000,0
0.7253,9,maze,10000,0
0.7854,10,maze,10000,0
0.0356,1,maze,10000,0
0.0933,2,maze,10000,0
0.196,3,maze,10000,0
0.3022,4,maze,10000,0
0.4013,5,maze,10000,0
0.5234,6,maze,10000,0
0.6312,7,maze,10000,0
0.7012,8,maze,10000,0
0.7903,9,maze,10000,0
0.8408,10,maze,10000,0
0.0356,1,maze,10000,0
0.0823,2,maze,10000,0
0.1863,3,maze,10000,0
0.2879,4,maze,10000,0
0.3365,5,maze,10000,0
0.4845,6,maze,10000,0
0.5958,7,maze,10000,0
0.6826,8,maze,10000,0
0.7648,9,maze,10000,0
0.8096,10,maze,10000,0
0.0226,1,maze,10000,0
0.0938,2,maze,10000,0
0.1784,3,maze,10000,0
0.3032,4,maze,10000,0
0.4222,5,maze,10000,0
0.5012,6,maze,10000,0
0.6092,7,maze,10000,0
0.7059,8,maze,10000,0
0.7719,9,maze,10000,0
0.8442,10,maze,10000,0
0.0356,1,maze,10000,0
0.0935,2,maze,10000,0
0.1847,3,maze,10000,0
0.2837,4,maze,10000,0
0.4213,5,maze,10000,0
0.5454,6,maze,10000,0
0.6504,7,maze,10000,0
0.7126,8,maze,10000,0
0.7831,9,maze,10000,0
0.8494,10,maze,10000,0
0.0356,1,maze,10000,0
0.1055,2,maze,10000,0
0.2095,3,maze,10000,0
0.302,4,maze,10000,0
0.3916,5,maze,10000,0
0.5097,6,maze,10000,0
0.583,7,maze,10000,0
0.7022,8,maze,10000,0
0.8053,9,maze,10000,0
0.8825,10,maze,10000,0
0.0356,1,maze,10000,0
0.104,2,maze,10000,0
0.1917,3,maze,10000,0
0.3174,4,maze,10000,0
0.437,5,maze,10000,0
0.5138,6,maze,10000,0
0.5918,7,maze,10000,0
0.6842,8,maze,10000,0
0.7704,9,maze,10000,0
0.8404,10,maze,10000,0
0.0356,1,maze,10000,0
0.0935,2,maze,10000,0
0.1818,3,maze,10000,0
0.2731,4,maze,10000,0
0.3439,5,maze,10000,0
0.4471,6,maze,10000,0
0.5572,7,maze,10000,0
0.6878,8,maze,10000,0
0.7802,9,maze,10000,0
0.8201,10,maze,10000,0
0.0356,1,maze,10000,0
0.1068,2,maze,10000,0
0.2001,3,maze,10000,0
0.3233,4,maze,10000,0
0.4002,5,maze,10000,0
0.5277,6,maze,10000,0
0.5986,7,maze,10000,0
0.662,8,maze,10000,0
0.7714,9,maze,10000,0
0.8193,10,maze,10000,0
0.0356,1,maze,10000,0
0.1046,2,maze,10000,0
0.2114,3,maze,10000,0
0.3109,4,maze,10000,0
0.4172,5,maze,10000,0
0.4995,6,maze,10000,0
0.6075,7,maze,10000,0
0.6656,8,maze,10000,0
0.7375,9,maze,10000,0
0.7962,10,maze,10000,0
0.0356,1,maze,10000,0
0.1068,2,maze,10000,0
0.1861,3,maze,10000,0
0.3021,4,maze,10000,0
0.3853,5,maze,10000,0
0.5253,6,maze,10000,0
0.5807,7,maze,10000,0
0.6845,8,maze,10000,0
0.7875,9,maze,10000,0
0.8228,10,maze,10000,0
0.0356,1,maze,10000,0
0.1068,2,maze,10000,0
0.201,3,maze,10000,0
0.3027,4,maze,10000,0
0.4509,5,maze,10000,0
0.5427,6,maze,10000,0
0.6243,7,maze,10000,0
0.7289,8,maze,10000,0
0.8159,9,maze,10000,0
0.8633,10,maze,10000,0
0.0356,1,maze,10000,0
0.0935,2,maze,10000,0
0.1892,3,maze,10000,0
0.2716,4,maze,10000,0
0.3734,5,maze,10000,0
0.5163,6,maze,10000,0
0.569,7,maze,10000,0
0.6321,8,maze,10000,0
0.7283,9,maze,10000,0
0.811,10,maze,10000,0
0.0356,1,maze,10000,0
0.1068,2,maze,10000,0
0.1979,3,maze,10000,0
0.2985,4,maze,10000,0
0.4308,5,maze,10000,0
0.5205,6,maze,10000,0
0.6091,7,maze,10000,0
0.6971,8,maze,10000,0
0.7563,9,maze,10000,0
0.8168,10,maze,10000,0
0.0224,1,maze,10000,0
0.0908,2,maze,10000,0
0.169,3,maze,10000,0
0.2923,4,maze,10000,0
0.4362,5,maze,10000,0
0.5129,6,maze,10000,0
0.6077,7,maze,10000,0
0.7021,8,maze,10000,0
0.7542,9,maze,10000,0
0.818,10,maze,10000,0
0.0356,1,maze,10000,0
0.0869,2,maze,10000,0
0.1901,3,maze,10000,0
0.2834,4,maze,10000,0
0.3696,5,maze,10000,0
0.4843,6,maze,10000,0
0.5752,7,maze,10000,0
0.6159,8,maze,10000,0
0.7452,9,maze,10000,0
0.8001,10,maze,10000,0
0.0356,1,maze,10000,0
0.0802,2,maze,10000,0
0.1738,3,maze,10000,0
0.2654,4,maze,10000,0
0.3764,5,maze,10000,0
0.4834,6,maze,10000,0
0.6306,7,maze,10000,0
0.7166,8,maze,10000,0
0.7752,9,maze,10000,0
0.8349,10,maze,10000,0
0.0356,1,maze,10000,0
0.1068,2,maze,10000,0
0.2063,3,maze,10000,0
0.3236,4,maze,10000,0
0.4698,5,maze,10000,0
0.5562,6,maze,10000,0
0.6799,7,maze,10000,0
0.7469,8,maze,10000,0
0.8306,9,maze,10000,0
0.8664,10,maze,10000,0
0.0356,1,maze,10000,0
0.1068,2,maze,10000,0
0.2064,3,maze,10000,0
0.2949,4,maze,10000,0
0.4022,5,maze,10000,0
0.4902,6,maze,10000,0
0.6078,7,maze,10000,0
0.7298,8,maze,10000,0
0.8,9,maze,10000,0
0.872,10,maze,10000,0
0.0343,1,maze,10000,0
0.0792,2,maze,10000,0
0.183,3,maze,10000,0
0.2715,4,maze,10000,0
0.381,5,maze,10000,0
0.4971,6,maze,10000,0
0.6196,7,maze,10000,0
0.743,8,maze,10000,0
0.8107,9,maze,10000,0
0.8235,10,maze,10000,0
0.0356,1,maze,10000,0
0.0892,2,maze,10000,0
0.1826,3,maze,10000,0
0.2907,4,maze,10000,0
0.3779,5,maze,10000,0
0.4931,6,maze,10000,0
0.6351,7,maze,10000,0
0.7266,8,maze,10000,0
0.8101,9,maze,10000,0
0.8609,10,maze,10000,0
0.029,1,maze,10000,0
0.0958,2,maze,10000,0
0.1822,3,maze,10000,0
0.2898,4,maze,10000,0
0.41,5,maze,10000,0
0.4865,6,maze,10000,0
0.5745,7,maze,10000,0
0.6167,8,maze,10000,0
0.7175,9,maze,10000,0
0.865,10,maze,10000,0
0.0356,1,maze,10000,0
0.104,2,maze,10000,0
0.1877,3,maze,10000,0
0.2749,4,maze,10000,0
0.3919,5,maze,10000,0
0.4936,6,maze,10000,0
0.6142,7,maze,10000,0
0.7439,8,maze,10000,0
0.7998,9,maze,10000,0
0.8791,10,maze,10000,0
0.0356,1,maze,10000,0
0.0862,2,maze,10000,0
0.1862,3,maze,10000,0
0.309,4,maze,10000,0
0.3932,5,maze,10000,0
0.508,6,maze,10000,0
0.6561,7,maze,10000,0
0.7223,8,maze,10000,0
0.8302,9,maze,10000,0
0.8622,10,maze,10000,0
0.0356,1,maze,10000,0
0.1021,2,maze,10000,0
0.1828,3,maze,10000,0
0.2968,4,maze,10000,0
0.3864,5,maze,10000,0
0.4787,6,maze,10000,0
0.5784,7,maze,10000,0
0.6765,8,maze,10000,0
0.7531,9,maze,10000,0
0.7955,10,maze,10000,0
0.0356,1,maze,10000,0
0.0935,2,maze,10000,0
0.1962,3,maze,10000,0
0.2993,4,maze,10000,0
0.4128,5,maze,10000,0
0.5485,6,maze,10000,0
0.6384,7,maze,10000,0
0.7072,8,maze,10000,0
0.7458,9,maze,10000,0
0.835,10,maze,10000,0
0.0226,1,maze,10000,0
0.0938,2,maze,10000,0
0.175,3,maze,10000,0
0.2646,4,maze,10000,0
0.3773,5,maze,10000,0
0.4716,6,maze,10000,0
0.5671,7,maze,10000,0
0.6325,8,maze,10000,0
0.7236,9,maze,10000,0
0.7738,10,maze,10000,0
0.0356,1,maze,10000,0
0.1012,2,maze,10000,0
0.1797,3,maze,10000,0
0.2675,4,maze,10000,0
0.3663,5,maze,10000,0
0.5239,6,maze,10000,0
0.6144,7,maze,10000,0
0.7182,8,maze,10000,0
0.7843,9,maze,10000,0
0.8731,10,maze,10000,0
0.0223,1,maze,10000,0
0.0935,2,maze,10000,0
0.1768,3,maze,10000,0
0.2667,4,maze,10000,0
0.3287,5,maze,10000,0
0.4483,6,maze,10000,0
0.5634,7,maze,10000,0
0.6309,8,maze,10000,0
0.7453,9,maze,10000,0
0.8132,10,maze,10000,0
0.0311,1,maze,10000,0
0.089,2,maze,10000,0
0.181,3,maze,10000,0
0.3005,4,maze,10000,0
0.3582,5,maze,10000,0
0.4922,6,maze,10000,0
0.6313,7,maze,10000,0
0.7353,8,maze,10000,0
0.8015,9,maze,10000,0
0.8448,10,maze,10000,0
0.0356,1,maze,10000,0
0.0815,2,maze,10000,0
0.1358,3,maze,10000,0
0.2376,4,maze,10000,0
0.3256,5,maze,10000,0
0.462,6,maze,10000,0
0.6174,7,maze,10000,0
0.7216,8,maze,10000,0
0.8004,9,maze,10000,0
0.8871,10,maze,10000,0
0.0356,1,maze,10000,0
0.1063,2,maze,10000,0
0.2059,3,maze,10000,0
0.2916,4,maze,10000,0
0.4018,5,maze,10000,0
0.4917,6,maze,10000,0
0.6077,7,maze,10000,0
0.6756,8,maze,10000,0
0.724,9,maze,10000,0
0.7695,10,maze,10000,0
0.0356,1,maze,10000,0
0.0838,2,maze,10000,0
0.169,3,maze,10000,0
0.2981,4,maze,10000,0
0.3875,5,maze,10000,0
0.4871,6,maze,10000,0
0.601,7,maze,10000,0
0.6658,8,maze,10000,0
0.7504,9,maze,10000,0
0.8019,10,maze,10000,0
0.0311,1,maze,10000,0
0.0721,2,maze,10000,0
0.1631,3,maze,10000,0
0.2691,4,maze,10000,0
0.3905,5,maze,10000,0
0.4985,6,maze,10000,0
0.6085,7,maze,10000,0
0.6909,8,maze,10000,0
0.7503,9,maze,10000,0
0.8065,10,maze,10000,0
0.0356,1,maze,10000,0
0.1002,2,maze,10000,0
0.1928,3,maze,10000,0
0.3097,4,maze,10000,0
0.4381,5,maze,10000,0
0.5665,6,maze,10000,0
0.6375,7,maze,10000,0
0.7196,8,maze,10000,0
0.8116,9,maze,10000,0
0.8589,10,maze,10000,0
0.0356,1,maze,10000,0
0.1068,2,maze,10000,0
0.2005,3,maze,10000,0
0.2617,4,maze,10000,0
0.4136,5,maze,10000,0
0.5024,6,maze,10000,0
0.6579,7,maze,10000,0
0.7133,8,maze,10000,0
0.7901,9,maze,10000,0
0.8379,10,maze,10000,0
0.0223,1,maze,10000,0
0.0828,2,maze,10000,0
0.1841,3,maze,10000,0
0.2631,4,maze,10000,0
0.3363,5,maze,10000,0
0.453,6,maze,10000,0
0.5971,7,maze,10000,0
0.6965,8,maze,10000,0
0.788,9,maze,10000,0
0.8373,10,maze,10000,0
0.0356,1,maze,10000,0
0.1021,2,maze,10000,0
0.1701,3,maze,10000,0
0.2757,4,maze,10000,0
0.39,5,maze,10000,0
0.5282,6,maze,10000,0
0.6535,7,maze,10000,0
0.7206,8,maze,10000,0
0.7725,9,maze,10000,0
0.8337,10,maze,10000,0
0.0356,1,maze,10000,0
0.0902,2,maze,10000,0
0.1784,3,maze,10000,0
0.2962,4,maze,10000,0
0.4164,5,maze,10000,0
0.5394,6,maze,10000,0
0.6453,7,maze,10000,0
0.7631,8,maze,10000,0
0.8283,9,maze,10000,0
0.8696,10,maze,10000,0
0.0356,1,maze,10000,0
0.0906,2,maze,10000,0
0.1755,3,maze,10000,0
0.2449,4,maze,10000,0
0.3741,5,maze,10000,0
0.5006,6,maze,10000,0
0.5316,7,maze,10000,0
0.6522,8,maze,10000,0
0.746,9,maze,10000,0
0.8438,10,maze,10000,0
0.0283,1,maze,10000,0
0.0995,2,maze,10000,0
0.1935,3,maze,10000,0
0.2739,4,maze,10000,0
0.4334,5,maze,10000,0
0.5484,6,maze,10000,0
0.5992,7,maze,10000,0
0.723,8,maze,10000,0
0.797,9,maze,10000,0
0.8522,10,maze,10000,0
0.0356,1,maze,10000,0
0.105,2,maze,10000,0
0.1837,3,maze,10000,0
0.2955,4,maze,10000,0
0.4169,5,maze,10000,0
0.5375,6,maze,10000,0
0.593,7,maze,10000,0
0.7119,8,maze,10000,0
0.7953,9,maze,10000,0
0.8619,10,maze,10000,0
0.0356,1,maze,10000,0
0.0998,2,maze,10000,0
0.2036,3,maze,10000,0
0.2711,4,maze,10000,0
0.3979,5,maze,10000,0
0.5295,6,maze,10000,0
0.6508,7,maze,10000,0
0.7536,8,maze,10000,0
0.7924,9,maze,10000,0
0.8455,10,maze,10000,0
0.03,1,maze,10000,0
0.1012,2,maze,10000,0
0.1924,3,maze,10000,0
0.29,4,maze,10000,0
0.3438,5,maze,10000,0
0.476,6,maze,10000,0
0.5708,7,maze,10000,0
0.703,8,maze,10000,0
0.7865,9,maze,10000,0
0.8513,10,maze,10000,0
0.0356,1,maze,10000,0
0.0986,2,maze,10000,0
0.1829,3,maze,10000,0
0.3031,4,maze,10000,0
0.4149,5,maze,10000,0
0.5391,6,maze,10000,0
0.6277,7,maze,10000,0
0.7062,8,maze,10000,0
0.7716,9,maze,10000,0
0.8267,10,maze,10000,0
0.0356,1,maze,10000,0
0.1001,2,maze,10000,0
0.1754,3,maze,10000,0
0.2541,4,maze,10000,0
0.3938,5,maze,10000,0
0.5073,6,maze,10000,0
0.6098,7,maze,10000,0
0.6974,8,maze,10000,0
0.8009,9,maze,10000,0
0.8546,10,maze,10000,0
0.0343,1,maze,10000,0
0.1055,2,maze,10000,0
0.2002,3,maze,10000,0
0.3117,4,maze,10000,0
0.436,5,maze,10000,0
0.5223,6,maze,10000,0
0.6199,7,maze,10000,0
0.7232,8,maze,10000,0
0.7761,9,maze,10000,0
0.8166,10,maze,10000,0
0.0226,1,maze,10000,0
0.0868,2,maze,10000,0
0.1679,3,maze,10000,0
0.2563,4,maze,10000,0
0.3918,5,maze,10000,0
0.5256,6,maze,10000,0
0.6191,7,maze,10000,0
0.7004,8,maze,10000,0
0.7686,9,maze,10000,0
0.8307,10,maze,10000,0
0.0328,1,maze,10000,0
0.104,2,maze,10000,0
0.193,3,maze,10000,0
0.2904,4,maze,10000,0
0.386,5,maze,10000,0
0.53,6,maze,10000,0
0.5773,7,maze,10000,0
0.6891,8,maze,10000,0
0.7689,9,maze,10000,0
0.8341,10,maze,10000,0
0.0356,1,maze,10000,0
0.1068,2,maze,10000,0
0.1756,3,maze,10000,0
0.2722,4,maze,10000,0
0.4181,5,maze,10000,0
0.4918,6,maze,10000,0
0.5732,7,maze,10000,0
0.702,8,maze,10000,0
0.7606,9,maze,10000,0
0.8635,10,maze,10000,0
0.0356,1,maze,10000,0
0.1068,2,maze,10000,0
0.208,3,maze,10000,0
0.278,4,maze,10000,0
0.3551,5,maze,10000,0
0.4199,6,maze,10000,0
0.521,7,maze,10000,0
0.6235,8,maze,10000,0
0.7155,9,maze,10000,0
0.7642,10,maze,10000,0
0.0356,1,maze,10000,0
0.1055,2,maze,10000,0
0.2079,3,maze,10000,0
0.3238,4,maze,10000,0
0.4332,5,maze,10000,0
0.5215,6,maze,10000,0
0.5982,7,maze,10000,0
0.7248,8,maze,10000,0
0.7763,9,maze,10000,0
0.8134,10,maze,10000,0
0.0245,1,maze,10000,0
0.0957,2,maze,10000,0
0.2022,3,maze,10000,0
0.2889,4,maze,10000,0
0.3611,5,maze,10000,0
0.5034,6,maze,10000,0
0.583,7,maze,10000,0
0.6695,8,maze,10000,0
0.7608,9,maze,10000,0
0.8049,10,maze,10000,0
0.0356,1,maze,10000,0
0.0801,2,maze,10000,0
0.1654,3,maze,10000,0
0.2631,4,maze,10000,0
0.3746,5,maze,10000,0
0.5252,6,maze,10000,0
0.6246,7,maze,10000,0
0.755,8,maze,10000,0
0.8129,9,maze,10000,0
0.877,10,maze,10000,0
0.0356,1,maze,10000,0
0.079,2,maze,10000,0
0.1633,3,maze,10000,0
0.2603,4,maze,10000,0
0.3819,5,maze,10000,0
0.4816,6,maze,10000,0
0.5859,7,maze,10000,0
0.6888,8,maze,10000,0
0.8048,9,maze,10000,0
0.8439,10,maze,10000,0
0.0356,1,maze,10000,0
0.0913,2,maze,10000,0
0.1941,3,maze,10000,0
0.2559,4,maze,10000,0
0.3717,5,maze,10000,0
0.4878,6,maze,10000,0
0.6173,7,maze,10000,0
0.6915,8,maze,10000,0
0.8166,9,maze,10000,0
0.856,10,maze,10000,0
0.0356,1,maze,10000,0
0.0916,2,maze,10000,0
0.1937,3,maze,10000,0
0.2771,4,maze,10000,0
0.3969,5,maze,10000,0
0.501,6,maze,10000,0
0.5983,7,maze,10000,0
0.7162,8,maze,10000,0
0.7989,9,maze,10000,0
0.8496,10,maze,10000,0
0.0223,1,maze,10000,0
0.0935,2,maze,10000,0
0.1778,3,maze,10000,0
0.2909,4,maze,10000,0
0.3809,5,maze,10000,0
0.5039,6,maze,10000,0
0.6581,7,maze,10000,0
0.7217,8,maze,10000,0
0.7683,9,maze,10000,0
0.8249,10,maze,10000,0
0.0356,1,maze,10000,0
0.0942,2,maze,10000,0
0.1884,3,maze,10000,0
0.2826,4,maze,10000,0
0.4082,5,maze,10000,0
0.4646,6,maze,10000,0
0.5735,7,maze,10000,0
0.6721,8,maze,10000,0
0.7913,9,maze,10000,0
0.8637,10,maze,10000,0
0.0356,1,maze,10000,0
0.0957,2,maze,10000,0
0.1579,3,maze,10000,0
0.261,4,maze,10000,0
0.3481,5,maze,10000,0
0.4636,6,maze,10000,0
0.5669,7,maze,10000,0
0.6225,8,maze,10000,0
0.6879,9,maze,10000,0
0.764,10,maze,10000,0
0.0356,1,maze,10000,0
0.1068,2,maze,10000,0
0.1796,3,maze,10000,0
0.2773,4,maze,10000,0
0.3705,5,maze,10000,0
0.4827,6,maze,10000,0
0.5877,7,maze,10000,0
0.687,8,maze,10000,0
0.7492,9,maze,10000,0
0.8426,10,maze,10000,0
0.0354,1,maze,10000,0
0.1066,2,maze,10000,0
0.2,3,maze,10000,0
0.308,4,maze,10000,0
0.4168,5,maze,10000,0
0.5388,6,maze,10000,0
0.6375,7,maze,10000,0
0.738,8,maze,10000,0
0.8125,9,maze,10000,0
0.8657,10,maze,10000,0
0.0356,1,maze,10000,0
0.0847,2,maze,10000,0
0.1813,3,maze,10000,0
0.251,4,maze,10000,0
0.351,5,maze,10000,0
0.5126,6,maze,10000,0
0.5943,7,maze,10000,0
0.672,8,maze,10000,0
0.76,9,maze,10000,0
0.8109,10,maze,10000,0
0.0356,1,maze,10000,0
0.1055,2,maze,10000,0
0.1831,3,maze,10000,0
0.2491,4,maze,10000,0
0.3319,5,maze,10000,0
0.4311,6,maze,10000,0
0.574,7,maze,10000,0
0.6351,8,maze,10000,0
0.7196,9,maze,10000,0
0.7974,10,maze,10000,0
0.0356,1,maze,10000,0
0.0935,2,maze,10000,0
0.1854,3,maze,10000,0
0.2816,4,maze,10000,0
0.3897,5,maze,10000,0
0.4517,6,maze,10000,0
0.5588,7,maze,10000,0
0.6119,8,maze,10000,0
0.6931,9,maze,10000,0
0.773,10,maze,10000,0
0.0356,1,maze,10000,0
0.1023,2,maze,10000,0
0.1852,3,maze,10000,0
0.286,4,maze,10000,0
0.414,5,maze,10000,0
0.523,6,maze,10000,0
0.6597,7,maze,10000,0
0.7002,8,maze,10000,0
0.813,9,maze,10000,0
0.865,10,maze,10000,0
0.0311,1,maze,10000,0
0.0935,2,maze,10000,0
0.1535,3,maze,10000,0
0.2762,4,maze,10000,0
0.3993,5,maze,10000,0
0.513,6,maze,10000,0
0.6368,7,maze,10000,0
0.7289,8,maze,10000,0
0.8198,9,maze,10000,0
0.8496,10,maze,10000,0
0.0223,1,maze,10000,0
0.0935,2,maze,10000,0
0.1628,3,maze,10000,0
0.2571,4,maze,10000,0
0.3332,5,maze,10000,0
0.4841,6,maze,10000,0
0.5994,7,maze,10000,0
0.6984,8,maze,10000,0
0.7604,9,maze,10000,0
0.7953,10,maze,10000,0
0.0356,1,maze,10000,0
0.1023,2,maze,10000,0
0.1832,3,maze,10000,0
0.2745,4,maze,10000,0
0.3893,5,maze,10000,0
0.5167,6,maze,10000,0
0.6352,7,maze,10000,0
0.7029,8,maze,10000,0
0.7976,9,maze,10000,0
0.8211,10,maze,10000,0
0.029,1,maze,10000,0
0.0976,2,maze,10000,0
0.1897,3,maze,10000,0
0.2889,4,maze,10000,0
0.4323,5,maze,10000,0
0.4982,6,maze,10000,0
0.6223,7,maze,10000,0
0.6795,8,maze,10000,0
0.7552,9,maze,10000,0
0.8143,10,maze,10000,0
0.029,1,maze,10000,0
0.1002,2,maze,10000,0
0.1959,3,maze,10000,0
0.2826,4,maze,10000,0
0.3943,5,maze,10000,0
0.4996,6,maze,10000,0
0.6037,7,maze,10000,0
0.7051,8,maze,10000,0
0.7585,9,maze,10000,0
0.8447,10,maze,10000,0
0.0268,1,maze,10000,0
0.098,2,maze,10000,0
0.1991,3,maze,10000,0
0.2841,4,maze,10000,0
0.4089,5,maze,10000,0
0.5256,6,maze,10000,0
0.6044,7,maze,10000,0
0.69,8,maze,10000,0
0.7499,9,maze,10000,0
0.8498,10,maze,10000,0
0.0356,1,maze,10000,0
0.1002,2,maze,10000,0
0.1743,3,maze,10000,0
0.2532,4,maze,10000,0
0.3729,5,maze,10000,0
0.4928,6,maze,10000,0
0.6065,7,maze,10000,0
0.7267,8,maze,10000,0
0.8087,9,maze,10000,0
0.8529,10,maze,10000,0
0.0356,1,maze,10000,0
0.1068,2,maze,10000,0
0.1747,3,maze,10000,0
0.2646,4,maze,10000,0
0.365,5,maze,10000,0
0.5325,6,maze,10000,0
0.5912,7,maze,10000,0
0.6374,8,maze,10000,0
0.7348,9,maze,10000,0
0.8,10,maze,10000,0
0.0356,1,maze,10000,0
0.091,2,maze,10000,0
0.1793,3,maze,10000,0
0.2995,4,maze,10000,0
0.4004,5,maze,10000,0
0.4968,6,maze,10000,0
0.586,7,maze,10000,0
0.6974,8,maze,10000,0
0.7408,9,maze,10000,0
0.8109,10,maze,10000,0
0.0356,1,maze,10000,0
0.1068,2,maze,10000,0
0.1853,3,maze,10000,0
0.302,4,maze,10000,0
0.4145,5,maze,10000,0
0.4945,6,maze,10000,0
0.5675,7,maze,10000,0
0.6397,8,maze,10000,0
0.6755,9,maze,10000,0
0.7913,10,maze,10000,0
0.0311,1,maze,10000,0
0.1023,2,maze,10000,0
0.1926,3,maze,10000,0
0.2914,4,maze,10000,0
0.3845,5,maze,10000,0
0.4782,6,maze,10000,0
0.5691,7,maze,10000,0
0.6841,8,maze,10000,0
0.7224,9,maze,10000,0
0.798,10,maze,10000,0
0.0268,1,maze,10000,0
0.0849,2,maze,10000,0
0.1777,3,maze,10000,0
0.2838,4,maze,10000,0
0.3853,5,maze,10000,0
0.511,6,maze,10000,0
0.6348,7,maze,10000,0
0.7179,8,maze,10000,0
0.7714,9,maze,10000,0
0.7981,10,maze,10000,0
0.0356,1,maze,10000,0
0.1068,2,maze,10000,0
0.1829,3,maze,10000,0
0.2839,4,maze,10000,0
0.4111,5,maze,10000,0
0.52,6,maze,10000,0
0.5766,7,maze,10000,0
0.6984,8,maze,10000,0
0.7445,9,maze,10000,0
0.8437,10,maze,10000,0
0.0356,1,maze,10000,0
0.0975,2,maze,10000,0
0.1994,3,maze,10000,0
0.2989,4,maze,10000,0
0.4483,5,maze,10000,0
0.5592,6,maze,10000,0
0.6297,7,maze,10000,0
0.7355,8,maze,10000,0
0.8022,9,maze,10000,0
0.8534,10,maze,10000,0
0.0356,1,maze,10000,0
0.1018,2,maze,10000,0
0.1767,3,maze,10000,0
0.2687,4,maze,10000,0
0.3586,5,maze,10000,0
0.4781,6,maze,10000,0
0.5958,7,maze,10000,0
0.7269,8,maze,10000,0
0.8099,9,maze,10000,0
0.8579,10,maze,10000,0
0.0245,1,maze,10000,0
0.0957,2,maze,10000,0
0.19,3,maze,10000,0
0.2775,4,maze,10000,0
0.3647,5,maze,10000,0
0.5228,6,maze,10000,0
0.6442,7,maze,10000,0
0.7552,8,maze,10000,0
0.8359,9,maze,10000,0
0.8962,10,maze,10000,0
0.0356,1,maze,10000,0
0.1066,2,maze,10000,0
0.1921,3,maze,10000,0
0.3001,4,maze,10000,0
0.3833,5,maze,10000,0
0.4926,6,maze,10000,0
0.5574,7,maze,10000,0
0.667,8,maze,10000,0
0.7867,9,maze,10000,0
0.8436,10,maze,10000,0
0.0356,1,maze,10000,0
0.1,2,maze,10000,0
0.189,3,maze,10000,0
0.3048,4,maze,10000,0
0.4022,5,maze,10000,0
0.507,6,maze,10000,0
0.6152,7,maze,10000,0
0.7166,8,maze,10000,0
0.8292,9,maze,10000,0
0.8916,10,maze,10000,0
0.0328,1,maze,10000,0
0.0865,2,maze,10000,0
0.1751,3,maze,10000,0
0.2886,4,maze,10000,0
0.3728,5,maze,10000,0
0.463,6,maze,10000,0
0.6025,7,maze,10000,0
0.7108,8,maze,10000,0
0.805,9,maze,10000,0
0.8546,10,maze,10000,0
0.0356,1,maze,10000,0
0.0892,2,maze,10000,0
0.1849,3,maze,10000,0
0.3072,4,maze,10000,0
0.441,5,maze,10000,0
0.5581,6,maze,10000,0
0.6745,7,maze,10000,0
0.7656,8,maze,10000,0
0.8421,9,maze,10000,0
0.9019,10,maze,10000,0
0.0356,1,maze,10000,0
0.0938,2,maze,10000,0
0.195,3,maze,10000,0
0.2892,4,maze,10000,0
0.36,5,maze,10000,0
0.5032,6,maze,10000,0
0.6312,7,maze,10000,0
0.7086,8,maze,10000,0
0.7894,9,maze,10000,0
0.842,10,maze,10000,0
0.0245,1,maze,10000,0
0.0824,2,maze,10000,0
0.1671,3,maze,10000,0
0.2862,4,maze,10000,0
0.3933,5,maze,10000,0
0.5436,6,maze,10000,0
0.6465,7,maze,10000,0
0.7469,8,maze,10000,0
0.794,9,maze,10000,0
0.8506,10,maze,10000,0
0.0356,1,maze,10000,0
0.0763,2,maze,10000,0
0.1599,3,maze,10000,0
0.2552,4,maze,10000,0
0.4007,5,maze,10000,0
0.4861,6,maze,10000,0
0.6141,7,maze,10000,0
0.6945,8,maze,10000,0
0.7932,9,maze,10000,0
0.8666,10,maze,10000,0
0.0356,1,maze,10000,0
0.1068,2,maze,10000,0
0.1969,3,maze,10000,0
0.3213,4,maze,10000,0
0.4253,5,maze,10000,0
0.5348,6,maze,10000,0
0.6208,7,maze,10000,0
0.7279,8,maze,10000,0
0.8237,9,maze,10000,0
0.901,10,maze,10000,0
0.0356,1,maze,10000,0
0.104,2,maze,10000,0
0.1983,3,maze,10000,0
0.284,4,maze,10000,0
0.375,5,maze,10000,0
0.468,6,maze,10000,0
0.564,7,maze,10000,0
0.6518,8,maze,10000,0
0.7258,9,maze,10000,0
0.7986,10,maze,10000,0
0.0356,1,maze,10000,0
0.0891,2,maze,10000,0
0.1853,3,maze,10000,0
0.2866,4,maze,10000,0
0.4017,5,maze,10000,0
0.4559,6,maze,10000,0
0.5417,7,maze,10000,0
0.6725,8,maze,10000,0
0.7338,9,maze,10000,0
0.8116,10,maze,10000,0
0.0356,1,maze,10000,0
0.1068,2,maze,10000,0
0.183,3,maze,10000,0
0.2474,4,maze,10000,0
0.3633,5,maze,10000,0
0.495,6,maze,10000,0
0.5975,7,maze,10000,0
0.7156,8,maze,10000,0
0.8254,9,maze,10000,0
0.8839,10,maze,10000,0
0.0356,1,maze,10000,0
0.1055,2,maze,10000,0
0.1818,3,maze,10000,0
0.293,4,maze,10000,0
0.3939,5,maze,10000,0
0.4921,6,maze,10000,0
0.5575,7,maze,10000,0
0.6288,8,maze,10000,0
0.6939,9,maze,10000,0
0.8091,10,maze,10000,0
0.0356,1,maze,10000,0
0.1029,2,maze,10000,0
0.1849,3,maze,10000,0
0.2799,4,maze,10000,0
0.411,5,maze,10000,0
0.5187,6,maze,10000,0
0.6343,7,maze,10000,0
0.7215,8,maze,10000,0
0.8166,9,maze,10000,0
0.8577,10,maze,10000,0
0.029,1,maze,10000,0
0.0961,2,maze,10000,0
0.1936,3,maze,10000,0
0.3117,4,maze,10000,0
0.427,5,maze,10000,0
0.5373,6,maze,10000,0
0.6189,7,maze,10000,0
0.7036,8,maze,10000,0
0.7738,9,maze,10000,0
0.8345,10,maze,10000,0
0.0356,1,maze,10000,0
0.0995,2,maze,10000,0
0.1772,3,maze,10000,0
0.2676,4,maze,10000,0
0.351,5,maze,10000,0
0.4178,6,maze,10000,0
0.5021,7,maze,10000,0
0.6269,8,maze,10000,0
0.7163,9,maze,10000,0
0.7906,10,maze,10000,0
0.0354,1,maze,10000,0
0.1066,2,maze,10000,0
0.2002,3,maze,10000,0
0.3149,4,maze,10000,0
0.4152,5,maze,10000,0
0.5522,6,maze,10000,0
0.6632,7,maze,10000,0
0.7494,8,maze,10000,0
0.8097,9,maze,10000,0
0.8515,10,maze,10000,0
0.0226,1,maze,10000,0
0.0938,2,maze,10000,0
0.1799,3,maze,10000,0
0.2934,4,maze,10000,0
0.3588,5,maze,10000,0
0.4752,6,maze,10000,0
0.6046,7,maze,10000,0
0.7702,8,maze,10000,0
0.8253,9,maze,10000,0
0.8775,10,maze,10000,0
0.0268,1,maze,10000,0
0.0837,2,maze,10000,0
0.1734,3,maze,10000,0
0.272,4,maze,10000,0
0.4151,5,maze,10000,0
0.5313,6,maze,10000,0
0.634,7,maze,10000,0
0.718,8,maze,10000,0
0.7839,9,maze,10000,0
0.8522,10,maze,10000,0
0.0223,1,maze,10000,0
0.089,2,maze,10000,0
0.1795,3,maze,10000,0
0.2779,4,maze,10000,0
0.3813,5,maze,10000,0
0.4635,6,maze,10000,0
0.5901,7,maze,10000,0
0.6899,8,maze,10000,0
0.7576,9,maze,10000,0
0.8219,10,maze,10000,0
0.0356,1,maze,10000,0
0.0936,2,maze,10000,0
0.183,3,maze,10000,0
0.2852,4,maze,10000,0
0.4048,5,maze,10000,0
0.4625,6,maze,10000,0
0.5853,7,maze,10000,0
0.6911,8,maze,10000,0
0.7603,9,maze,10000,0
0.8319,10,maze,10000,0
0.0354,1,maze,10000,0
0.0757,2,maze,10000,0
0.1592,3,maze,10000,0
0.2716,4,maze,10000,0
0.3938,5,maze,10000,0
0.4996,6,maze,10000,0
0.6255,7,maze,10000,0
0.7037,8,maze,10000,0
0.7835,9,maze,10000,0
0.8435,10,maze,10000,0
0.0356,1,maze,10000,0
0.1042,2,maze,10000,0
0.1839,3,maze,10000,0
0.2637,4,maze,10000,0
0.3794,5,maze,10000,0
0.4341,6,maze,10000,0
0.561,7,maze,10000,0
0.6198,8,maze,10000,0
0.7102,9,maze,10000,0
0.816,10,maze,10000,0
0.0356,1,maze,10000,0
0.0902,2,maze,10000,0
0.1724,3,maze,10000,0
0.3067,4,maze,10000,0
0.3925,5,maze,10000,0
0.4882,6,maze,10000,0
0.5772,7,maze,10000,0
0.6445,8,maze,10000,0
0.7254,9,maze,10000,0
0.7911,10,maze,10000,0
0.0356,1,maze,10000,0
0.1002,2,maze,10000,0
0.2025,3,maze,10000,0
0.3074,4,maze,10000,0
0.3626,5,maze,10000,0
0.4778,6,maze,10000,0
0.594,7,maze,10000,0
0.6765,8,maze,10000,0
0.7843,9,maze,10000,0
0.8347,10,maze,10000,0
0.0249,1,maze,10000,0
0.0895,2,maze,10000,0
0.1365,3,maze,10000,0
0.2513,4,maze,10000,0
0.351,5,maze,10000,0
0.4715,6,maze,10000,0
0.5848,7,maze,10000,0
0.7138,8,maze,10000,0
0.7934,9,maze,10000,0
0.8474,10,maze,10000,0
0.0356,1,maze,10000,0
0.1033,2,maze,10000,0
0.1896,3,maze,10000,0
0.2884,4,maze,10000,0
0.3898,5,maze,10000,0
0.5232,6,maze,10000,0
0.6096,7,maze,10000,0
0.7221,8,maze,10000,0
0.7964,9,maze,10000,0
0.8657,10,maze,10000,0
0.0356,1,maze,10000,0
0.1068,2,maze,10000,0
0.1516,3,maze,10000,0
0.2796,4,maze,10000,0
0.4152,5,maze,10000,0
0.5337,6,maze,10000,0
0.5783,7,maze,10000,0
0.6943,8,maze,10000,0
0.7539,9,maze,10000,0
0.7968,10,maze,10000,0
0.0245,1,maze,10000,0
0.0957,2,maze,10000,0
0.2023,3,maze,10000,0
0.2913,4,maze,10000,0
0.3889,5,maze,10000,0
0.4877,6,maze,10000,0
0.5484,7,maze,10000,0
0.6595,8,maze,10000,0
0.7828,9,maze,10000,0
0.8289,10,maze,10000,0
0.0356,1,maze,10000,0
0.1068,2,maze,10000,0
0.1964,3,maze,10000,0
0.2721,4,maze,10000,0
0.3904,5,maze,10000,0
0.5217,6,maze,10000,0
0.6071,7,maze,10000,0
0.6939,8,maze,10000,0
0.7656,9,maze,10000,0
0.8334,10,maze,10000,0
0.0245,1,maze,10000,0
0.0824,2,maze,10000,0
0.1693,3,maze,10000,0
0.2629,4,maze,10000,0
0.3774,5,maze,10000,0
0.4921,6,maze,10000,0
0.5631,7,maze,10000,0
0.632,8,maze,10000,0
0.7123,9,maze,10000,0
0.8141,10,maze,10000,0
0.0356,1,maze,10000,0
0.1009,2,maze,10000,0
0.1868,3,maze,10000,0
0.2808,4,maze,10000,0
0.3635,5,maze,10000,0
0.4526,6,maze,10000,0
0.5596,7,maze,10000,0
0.6082,8,maze,10000,0
0.6496,9,maze,10000,0
0.7746,10,maze,10000,0
0.0354,1,maze,10000,0
0.092,2,maze,10000,0
0.1768,3,maze,10000,0
0.2706,4,maze,10000,0
0.3926,5,maze,10000,0
0.4797,6,maze,10000,0
0.5698,7,maze,10000,0
0.6676,8,maze,10000,0
0.7622,9,maze,10000,0
0.8655,10,maze,10000,0
0.0356,1,maze,10000,0
0.1068,2,maze,10000,0
0.2086,3,maze,10000,0
0.2759,4,maze,10000,0
0.3809,5,maze,10000,0
0.5214,6,maze,10000,0
0.645,7,maze,10000,0
0.7043,8,maze,10000,0
0.766,9,maze,10000,0
0.8015,10,maze,10000,0
0.029,1,maze,10000,0
0.0861,2,maze,10000,0
0.1693,3,maze,10000,0
0.2955,4,maze,10000,0
0.3996,5,maze,10000,0
0.4936,6,maze,10000,0
0.591,7,maze,10000,0
0.7127,8,maze,10000,0
0.7542,9,maze,10000,0
0.7994,10,maze,10000,0
0.0356,1,maze,10000,0
0.1068,2,maze,10000,0
0.2057,3,maze,10000,0
0.3063,4,maze,10000,0
0.3979,5,maze,10000,0
0.5059,6,maze,10000,0
0.6261,7,maze,10000,0
0.7071,8,maze,10000,0
0.7627,9,maze,10000,0
0.806,10,maze,10000,0
0.0356,1,maze,10000,0
0.0935,2,maze,10000,0
0.1857,3,maze,10000,0
0.2978,4,maze,10000,0
0.4015,5,maze,10000,0
0.4831,6,maze,10000,0
0.5944,7,maze,10000,0
0.6964,8,maze,10000,0
0.8091,9,maze,10000,0
0.8573,10,maze,10000,0
0.0356,1,maze,10000,0
0.099,2,maze,10000,0
0.203,3,maze,10000,0
0.3097,4,maze,10000,0
0.4209,5,maze,10000,0
0.4874,6,maze,10000,0
0.5965,7,maze,10000,0
0.6351,8,maze,10000,0
0.7521,9,maze,10000,0
0.8395,10,maze,10000,0
0.0356,1,maze,10000,0
0.1068,2,maze,10000,0
0.2049,3,maze,10000,0
0.2808,4,maze,10000,0
0.3943,5,maze,10000,0
0.4956,6,maze,10000,0
0.6312,7,maze,10000,0
0.7063,8,maze,10000,0
0.7665,9,maze,10000,0
0.8043,10,maze,10000,0
0.0356,1,maze,10000,0
0.1068,2,maze,10000,0
0.1896,3,maze,10000,0
0.2832,4,maze,10000,0
0.4149,5,maze,10000,0
0.5159,6,maze,10000,0
0.5988,7,maze,10000,0
0.7091,8,maze,10000,0
0.7953,9,maze,10000,0
0.8487,10,maze,10000,0
0.0328,1,maze,10000,0
0.0896,2,maze,10000,0
0.1611,3,maze,10000,0
0.2799,4,maze,10000,0
0.4028,5,maze,10000,0
0.5039,6,maze,10000,0
0.5707,7,maze,10000,0
0.6646,8,maze,10000,0
0.7583,9,maze,10000,0
0.8282,10,maze,10000,0
0.0343,1,maze,10000,0
0.1055,2,maze,10000,0
0.1905,3,maze,10000,0
0.2746,4,maze,10000,0
0.3899,5,maze,10000,0
0.4993,6,maze,10000,0
0.6061,7,maze,10000,0
0.6793,8,maze,10000,0
0.7872,9,maze,10000,0
0.8186,10,maze,10000,0
0.0356,1,maze,10000,0
0.0952,2,maze,10000,0
0.1888,3,maze,10000,0
0.2967,4,maze,10000,0
0.3982,5,maze,10000,0
0.5467,6,maze,10000,0
0.6508,7,maze,10000,0
0.742,8,maze,10000,0
0.8133,9,maze,10000,0
0.8631,10,maze,10000,0
0.0356,1,maze,10000,0
0.1023,2,maze,10000,0
0.1916,3,maze,10000,0
0.3008,4,maze,10000,0
0.396,5,maze,10000,0
0.4897,6,maze,10000,0
0.625,7,maze,10000,0
0.7195,8,maze,10000,0
0.7721,9,maze,10000,0
0.8348,10,maze,10000,0
0.0356,1,maze,10000,0
0.1004,2,maze,10000,0
0.1779,3,maze,10000,0
0.2587,4,maze,10000,0
0.3712,5,maze,10000,0
0.5107,6,maze,10000,0
0.5862,7,maze,10000,0
0.7406,8,maze,10000,0
0.7937,9,maze,10000,0
0.8562,10,maze,10000,0
0.0356,1,maze,10000,0
0.1068,2,maze,10000,0
0.193,3,maze,10000,0
0.3037,4,maze,10000,0
0.3989,5,maze,10000,0
0.4917,6,maze,10000,0
0.6048,7,maze,10000,0
0.6964,8,maze,10000,0
0.8115,9,maze,10000,0
0.8288,10,maze,10000,0
0.0356,1,maze,10000,0
0.105,2,maze,10000,0
0.2083,3,maze,10000,0
0.2921,4,maze,10000,0
0.4164,5,maze,10000,0
0.5275,6,maze,10000,0
0.635,7,maze,10000,0
0.6898,8,maze,10000,0
0.7731,9,maze,10000,0
0.8434,10,maze,10000,0
0.0356,1,maze,10000,0
0.1021,2,maze,10000,0
0.1909,3,maze,10000,0
0.2923,4,maze,10000,0
0.423,5,maze,10000,0
0.5407,6,maze,10000,0
0.6253,7,maze,10000,0
0.6888,8,maze,10000,0
0.7648,9,maze,10000,0
0.8192,10,maze,10000,0
0.0356,1,maze,10000,0
0.0895,2,maze,10000,0
0.1897,3,maze,10000,0
0.296,4,maze,10000,0
0.4134,5,maze,10000,0
0.5135,6,maze,10000,0
0.6067,7,maze,10000,0
0.6704,8,maze,10000,0
0.7828,9,maze,10000,0
0.845,10,maze,10000,0
0.0356,1,maze,10000,0
0.0935,2,maze,10000,0
0.1629,3,maze,10000,0
0.2722,4,maze,10000,0
0.4181,5,maze,10000,0
0.4948,6,maze,10000,0
0.6155,7,maze,10000,0
0.7063,8,maze,10000,0
0.7694,9,maze,10000,0
0.8576,10,maze,10000,0
0.0223,1,maze,10000,0
0.089,2,maze,10000,0
0.1892,3,maze,10000,0
0.3231,4,maze,10000,0
0.4059,5,maze,10000,0
0.498,6,maze,10000,0
0.6034,7,maze,10000,0
0.7276,8,maze,10000,0
0.7607,9,maze,10000,0
0.8229,10,maze,10000,0
0.0311,1,maze,10000,0
0.0901,2,maze,10000,0
0.1969,3,maze,10000,0
0.3238,4,maze,10000,0
0.4292,5,maze,10000,0
0.5336,6,maze,10000,0
0.602,7,maze,10000,0
0.7044,8,maze,10000,0
0.7736,9,maze,10000,0
0.8336,10,maze,10000,0
0.0223,1,maze,10000,0
0.0935,2,maze,10000,0
0.17,3,maze,10000,0
0.2774,4,maze,10000,0
0.3797,5,maze,10000,0
0.5072,6,maze,10000,0
0.643,7,maze,10000,0
0.7413,8,maze,10000,0
0.8062,9,maze,10000,0
0.8667,10,maze,10000,0
0.0356,1,maze,10000,0
0.104,2,maze,10000,0
0.1774,3,maze,10000,0
0.27,4,maze,10000,0
0.3989,5,maze,10000,0
0.5269,6,maze,10000,0
0.6251,7,maze,10000,0
0.6883,8,maze,10000,0
0.7523,9,maze,10000,0
0.7888,10,maze,10000,0
0.0356,1,maze,10000,0
0.0935,2,maze,10000,0
0.1749,3,maze,10000,0
0.2773,4,maze,10000,0
0.4027,5,maze,10000,0
0.4615,6,maze,10000,0
0.5472,7,maze,10000,0
0.6238,8,maze,10000,0
0.6948,9,maze,10000,0
0.7642,10,maze,10000,0
0.0245,1,maze,10000,0
0.0841,2,maze,10000,0
0.1892,3,maze,10000,0
0.2952,4,maze,10000,0
0.389,5,maze,10000,0
0.4954,6,maze,10000,0
0.6521,7,maze,10000,0
0.7444,8,maze,10000,0
0.7929,9,maze,10000,0
0.8674,10,maze,10000,0
0.0356,1,maze,10000,0
0.1068,2,maze,10000,0
0.1965,3,maze,10000,0
0.2614,4,maze,10000,0
0.349,5,maze,10000,0
0.4736,6,maze,10000,0
0.5622,7,maze,10000,0
0.6637,8,maze,10000,0
0.7325,9,maze,10000,0
0.7998,10,maze,10000,0
0.0224,1,maze,10000,0
0.0934,2,maze,10000,0
0.1782,3,maze,10000,0
0.2903,4,maze,10000,0
0.4061,5,maze,10000,0
0.5336,6,maze,10000,0
0.5753,7,maze,10000,0
0.6411,8,maze,10000,0
0.7659,9,maze,10000,0
0.8223,10,maze,10000,0
0.0356,1,maze,10000,0
0.1023,2,maze,10000,0
0.1813,3,maze,10000,0
0.2968,4,maze,10000,0
0.3708,5,maze,10000,0
0.4904,6,maze,10000,0
0.5798,7,maze,10000,0
0.7118,8,maze,10000,0
0.7515,9,maze,10000,0
0.811,10,maze,10000,0
0.0356,1,maze,10000,0
0.0907,2,maze,10000,0
0.1843,3,maze,10000,0
0.2727,4,maze,10000,0
0.4256,5,maze,10000,0
0.5482,6,maze,10000,0
0.6342,7,maze,10000,0
0.7326,8,maze,10000,0
0.8185,9,maze,10000,0
0.8548,10,maze,10000,0
0.0356,1,maze,10000,0
0.1055,2,maze,10000,0
0.1859,3,maze,10000,0
0.3044,4,maze,10000,0
0.4492,5,maze,10000,0
0.5254,6,maze,10000,0
0.6168,7,maze,10000,0
0.7258,8,maze,10000,0
0.7755,9,maze,10000,0
0.8515,10,maze,10000,0
0.0245,1,maze,10000,0
0.0858,2,maze,10000,0
0.1598,3,maze,10000,0
0.276,4,maze,10000,0
0.4068,5,maze,10000,0
0.5123,6,maze,10000,0
0.6194,7,maze,10000,0
0.7252,8,maze,10000,0
0.8054,9,maze,10000,0
0.8824,10,maze,10000,0
0.0356,1,maze,10000,0
0.1068,2,maze,10000,0
0.1763,3,maze,10000,0
0.2848,4,maze,10000,0
0.4324,5,maze,10000,0
0.4974,6,maze,10000,0
0.6278,7,maze,10000,0
0.7102,8,maze,10000,0
0.7784,9,maze,10000,0
0.8398,10,maze,10000,0
0.0328,1,maze,10000,0
0.0755,2,maze,10000,0
0.1799,3,maze,10000,0
0.279,4,maze,10000,0
0.3875,5,maze,10000,0
0.5184,6,maze,10000,0
0.6177,7,maze,10000,0
0.7589,8,maze,10000,0
0.8342,9,maze,10000,0
0.8711,10,maze,10000,0
0.0356,1,maze,10000,0
0.1068,2,maze,10000,0
0.1975,3,maze,10000,0
0.291,4,maze,10000,0
0.4086,5,maze,10000,0
0.515,6,maze,10000,0
0.6028,7,maze,10000,0
0.6914,8,maze,10000,0
0.7508,9,maze,10000,0
0.8312,10,maze,10000,0
0.0356,1,maze,10000,0
0.0862,2,maze,10000,0
0.1475,3,maze,10000,0
0.2572,4,maze,10000,0
0.3911,5,maze,10000,0
0.5073,6,maze,10000,0
0.6042,7,maze,10000,0
0.6838,8,maze,10000,0
0.7762,9,maze,10000,0
0.8318,10,maze,10000,0
0.0356,1,maze,10000,0
0.0979,2,maze,10000,0
0.1953,3,maze,10000,0
0.3005,4,maze,10000,0
0.3943,5,maze,10000,0
0.4935,6,maze,10000,0
0.5999,7,maze,10000,0
0.6913,8,maze,10000,0
0.7246,9,maze,10000,0
0.7668,10,maze,10000,0
0.0187,1,maze,10000,0
0.0871,2,maze,10000,0
0.1939,3,maze,10000,0
0.2852,4,maze,10000,0
0.4285,5,maze,10000,0
0.5291,6,maze,10000,0
0.63,7,maze,10000,0
0.7144,8,maze,10000,0
0.7788,9,maze,10000,0
0.8084,10,maze,10000,0
0.0356,1,maze,10000,0
0.1068,2,maze,10000,0
0.1892,3,maze,10000,0
0.2859,4,maze,10000,0
0.4103,5,maze,10000,0
0.5247,6,maze,10000,0
0.6354,7,maze,10000,0
0.6988,8,maze,10000,0
0.7532,9,maze,10000,0
0.8083,10,maze,10000,0
0.0356,1,maze,10000,0
0.0838,2,maze,10000,0
0.1627,3,maze,10000,0
0.2809,4,maze,10000,0
0.3557,5,maze,10000,0
0.4808,6,maze,10000,0
0.5725,7,maze,10000,0
0.6531,8,maze,10000,0
0.7165,9,maze,10000,0
0.7917,10,maze,10000,0
0.0356,1,maze,10000,0
0.104,2,maze,10000,0
0.1446,3,maze,10000,0
0.2566,4,maze,10000,0
0.3751,5,maze,10000,0
0.4713,6,maze,10000,0
0.5742,7,maze,10000,0
0.6837,8,maze,10000,0
0.7459,9,maze,10000,0
0.8391,10,maze,10000,0
0.0356,1,maze,10000,0
0.0957,2,maze,10000,0
0.1967,3,maze,10000,0
0.3008,4,maze,10000,0
0.3895,5,maze,10000,0
0.527,6,maze,10000,0
0.5877,7,maze,10000,0
0.6912,8,maze,10000,0
0.7895,9,maze,10000,0
0.8252,10,maze,10000,0
0.0356,1,maze,10000,0
0.0838,2,maze,10000,0
0.175,3,maze,10000,0
0.2801,4,maze,10000,0
0.3826,5,maze,10000,0
0.4971,6,maze,10000,0
0.5603,7,maze,10000,0
0.6667,8,maze,10000,0
0.7694,9,maze,10000,0
0.8533,10,maze,10000,0
0.0328,1,maze,10000,0
0.0929,2,maze,10000,0
0.1895,3,maze,10000,0
0.2619,4,maze,10000,0
0.3638,5,maze,10000,0
0.4932,6,maze,10000,0
0.6284,7,maze,10000,0
0.7414,8,maze,10000,0
0.8139,9,maze,10000,0
0.848,10,maze,10000,0
0.0356,1,maze,10000,0
0.0669,2,maze,10000,0
0.1642,3,maze,10000,0
0.2682,4,maze,10000,0
0.3662,5,maze,10000,0
0.4824,6,maze,10000,0
0.5729,7,maze,10000,0
0.6262,8,maze,10000,0
0.7325,9,maze,10000,0
0.8125,10,maze,10000,0
0.0356,1,maze,10000,0
0.0955,2,maze,10000,0
0.1823,3,maze,10000,0
0.2927,4,maze,10000,0
0.4108,5,maze,10000,0
0.5229,6,maze,10000,0
0.5871,7,maze,10000,0
0.6928,8,maze,10000,0
0.8041,9,maze,10000,0
0.8383,10,maze,10000,0
0.0356,1,maze,10000,0
0.0935,2,maze,10000,0
0.1687,3,maze,10000,0
0.2899,4,maze,10000,0
0.4218,5,maze,10000,0
0.5165,6,maze,10000,0
0.6172,7,maze,10000,0
0.7093,8,maze,10000,0
0.7557,9,maze,10000,0
0.8248,10,maze,10000,0
